-- ============================================
-- Seed Data: Languages & Currencies ValueSets
-- Database: zeal_clinical
-- Description: ISO 639-1 languages and ISO 4217 currencies
-- ============================================

-- ============================================
-- ISO 639-1 LANGUAGES
-- ============================================
INSERT INTO value_sets (id, code, name, description, category, version, status, is_system, is_extensible, source, source_url)
VALUES (
  '10000000-0000-0000-0000-000000000006',
  'iso_639_languages',
  'ISO 639 Languages',
  'ISO 639-1 two-letter language codes',
  'administrative',
  '1.0',
  'active',
  true,
  false,
  'ISO 639-1',
  'https://www.iso.org/iso-639-language-codes.html'
);

INSERT INTO value_set_concepts (id, value_set_id, value_set_code, code, display, system_code, sort_order, is_default, status)
VALUES
  ('11000000-0000-0000-0000-000000000201', '10000000-0000-0000-0000-000000000006', 'iso_639_languages', 'en', 'English', 'ISO639-1', 1, true, 'active'),
  ('11000000-0000-0000-0000-000000000202', '10000000-0000-0000-0000-000000000006', 'iso_639_languages', 'ar', 'Arabic', 'ISO639-1', 2, false, 'active'),
  ('11000000-0000-0000-0000-000000000203', '10000000-0000-0000-0000-000000000006', 'iso_639_languages', 'hi', 'Hindi', 'ISO639-1', 3, false, 'active'),
  ('11000000-0000-0000-0000-000000000204', '10000000-0000-0000-0000-000000000006', 'iso_639_languages', 'ur', 'Urdu', 'ISO639-1', 4, false, 'active'),
  ('11000000-0000-0000-0000-000000000205', '10000000-0000-0000-0000-000000000006', 'iso_639_languages', 'bn', 'Bengali', 'ISO639-1', 5, false, 'active'),
  ('11000000-0000-0000-0000-000000000206', '10000000-0000-0000-0000-000000000006', 'iso_639_languages', 'ta', 'Tamil', 'ISO639-1', 6, false, 'active'),
  ('11000000-0000-0000-0000-000000000207', '10000000-0000-0000-0000-000000000006', 'iso_639_languages', 'te', 'Telugu', 'ISO639-1', 7, false, 'active'),
  ('11000000-0000-0000-0000-000000000208', '10000000-0000-0000-0000-000000000006', 'iso_639_languages', 'ml', 'Malayalam', 'ISO639-1', 8, false, 'active'),
  ('11000000-0000-0000-0000-000000000209', '10000000-0000-0000-0000-000000000006', 'iso_639_languages', 'mr', 'Marathi', 'ISO639-1', 9, false, 'active'),
  ('11000000-0000-0000-0000-000000000210', '10000000-0000-0000-0000-000000000006', 'iso_639_languages', 'gu', 'Gujarati', 'ISO639-1', 10, false, 'active'),
  ('11000000-0000-0000-0000-000000000211', '10000000-0000-0000-0000-000000000006', 'iso_639_languages', 'pa', 'Punjabi', 'ISO639-1', 11, false, 'active'),
  ('11000000-0000-0000-0000-000000000212', '10000000-0000-0000-0000-000000000006', 'iso_639_languages', 'fr', 'French', 'ISO639-1', 12, false, 'active'),
  ('11000000-0000-0000-0000-000000000213', '10000000-0000-0000-0000-000000000006', 'iso_639_languages', 'de', 'German', 'ISO639-1', 13, false, 'active'),
  ('11000000-0000-0000-0000-000000000214', '10000000-0000-0000-0000-000000000006', 'iso_639_languages', 'es', 'Spanish', 'ISO639-1', 14, false, 'active'),
  ('11000000-0000-0000-0000-000000000215', '10000000-0000-0000-0000-000000000006', 'iso_639_languages', 'zh', 'Chinese', 'ISO639-1', 15, false, 'active'),
  ('11000000-0000-0000-0000-000000000216', '10000000-0000-0000-0000-000000000006', 'iso_639_languages', 'ru', 'Russian', 'ISO639-1', 16, false, 'active');

INSERT INTO value_set_concept_translations (id, concept_id, language_code, display)
VALUES
  ('12000000-0000-0000-0000-000000000201', '11000000-0000-0000-0000-000000000201', 'ar', 'الإنجليزية'),
  ('12000000-0000-0000-0000-000000000202', '11000000-0000-0000-0000-000000000202', 'ar', 'العربية'),
  ('12000000-0000-0000-0000-000000000203', '11000000-0000-0000-0000-000000000203', 'ar', 'الهندية'),
  ('12000000-0000-0000-0000-000000000204', '11000000-0000-0000-0000-000000000204', 'ar', 'الأردية'),
  ('12000000-0000-0000-0000-000000000205', '11000000-0000-0000-0000-000000000205', 'ar', 'البنغالية'),
  ('12000000-0000-0000-0000-000000000206', '11000000-0000-0000-0000-000000000206', 'ar', 'التاميلية'),
  ('12000000-0000-0000-0000-000000000207', '11000000-0000-0000-0000-000000000207', 'ar', 'التيلوغو'),
  ('12000000-0000-0000-0000-000000000208', '11000000-0000-0000-0000-000000000208', 'ar', 'المالايالامية'),
  ('12000000-0000-0000-0000-000000000209', '11000000-0000-0000-0000-000000000209', 'ar', 'الماراثية'),
  ('12000000-0000-0000-0000-000000000210', '11000000-0000-0000-0000-000000000210', 'ar', 'الغوجاراتية'),
  ('12000000-0000-0000-0000-000000000211', '11000000-0000-0000-0000-000000000211', 'ar', 'البنجابية'),
  ('12000000-0000-0000-0000-000000000212', '11000000-0000-0000-0000-000000000212', 'ar', 'الفرنسية'),
  ('12000000-0000-0000-0000-000000000213', '11000000-0000-0000-0000-000000000213', 'ar', 'الألمانية'),
  ('12000000-0000-0000-0000-000000000214', '11000000-0000-0000-0000-000000000214', 'ar', 'الإسبانية'),
  ('12000000-0000-0000-0000-000000000215', '11000000-0000-0000-0000-000000000215', 'ar', 'الصينية'),
  ('12000000-0000-0000-0000-000000000216', '11000000-0000-0000-0000-000000000216', 'ar', 'الروسية');

-- ============================================
-- ISO 4217 CURRENCIES
-- ============================================
INSERT INTO value_sets (id, code, name, description, category, version, status, is_system, is_extensible, source, source_url)
VALUES (
  '10000000-0000-0000-0000-000000000007',
  'iso_4217_currencies',
  'ISO 4217 Currencies',
  'ISO 4217 three-letter currency codes',
  'financial',
  '1.0',
  'active',
  true,
  false,
  'ISO 4217',
  'https://www.iso.org/iso-4217-currency-codes.html'
);

INSERT INTO value_set_concepts (id, value_set_id, value_set_code, code, display, definition, system_code, sort_order, is_default, status)
VALUES
  ('11000000-0000-0000-0000-000000000301', '10000000-0000-0000-0000-000000000007', 'iso_4217_currencies', 'AED', 'UAE Dirham', 'United Arab Emirates Dirham', 'ISO4217', 1, true, 'active'),
  ('11000000-0000-0000-0000-000000000302', '10000000-0000-0000-0000-000000000007', 'iso_4217_currencies', 'SAR', 'Saudi Riyal', 'Saudi Arabian Riyal', 'ISO4217', 2, false, 'active'),
  ('11000000-0000-0000-0000-000000000303', '10000000-0000-0000-0000-000000000007', 'iso_4217_currencies', 'BHD', 'Bahraini Dinar', 'Bahraini Dinar', 'ISO4217', 3, false, 'active'),
  ('11000000-0000-0000-0000-000000000304', '10000000-0000-0000-0000-000000000007', 'iso_4217_currencies', 'KWD', 'Kuwaiti Dinar', 'Kuwaiti Dinar', 'ISO4217', 4, false, 'active'),
  ('11000000-0000-0000-0000-000000000305', '10000000-0000-0000-0000-000000000007', 'iso_4217_currencies', 'OMR', 'Omani Rial', 'Omani Rial', 'ISO4217', 5, false, 'active'),
  ('11000000-0000-0000-0000-000000000306', '10000000-0000-0000-0000-000000000007', 'iso_4217_currencies', 'QAR', 'Qatari Riyal', 'Qatari Riyal', 'ISO4217', 6, false, 'active'),
  ('11000000-0000-0000-0000-000000000307', '10000000-0000-0000-0000-000000000007', 'iso_4217_currencies', 'USD', 'US Dollar', 'United States Dollar', 'ISO4217', 10, false, 'active'),
  ('11000000-0000-0000-0000-000000000308', '10000000-0000-0000-0000-000000000007', 'iso_4217_currencies', 'EUR', 'Euro', 'Euro', 'ISO4217', 11, false, 'active'),
  ('11000000-0000-0000-0000-000000000309', '10000000-0000-0000-0000-000000000007', 'iso_4217_currencies', 'GBP', 'British Pound', 'British Pound Sterling', 'ISO4217', 12, false, 'active'),
  ('11000000-0000-0000-0000-000000000310', '10000000-0000-0000-0000-000000000007', 'iso_4217_currencies', 'INR', 'Indian Rupee', 'Indian Rupee', 'ISO4217', 13, false, 'active'),
  ('11000000-0000-0000-0000-000000000311', '10000000-0000-0000-0000-000000000007', 'iso_4217_currencies', 'PKR', 'Pakistani Rupee', 'Pakistani Rupee', 'ISO4217', 14, false, 'active'),
  ('11000000-0000-0000-0000-000000000312', '10000000-0000-0000-0000-000000000007', 'iso_4217_currencies', 'EGP', 'Egyptian Pound', 'Egyptian Pound', 'ISO4217', 15, false, 'active');

INSERT INTO value_set_concept_translations (id, concept_id, language_code, display)
VALUES
  ('12000000-0000-0000-0000-000000000301', '11000000-0000-0000-0000-000000000301', 'ar', 'درهم إماراتي'),
  ('12000000-0000-0000-0000-000000000302', '11000000-0000-0000-0000-000000000302', 'ar', 'ريال سعودي'),
  ('12000000-0000-0000-0000-000000000303', '11000000-0000-0000-0000-000000000303', 'ar', 'دينار بحريني'),
  ('12000000-0000-0000-0000-000000000304', '11000000-0000-0000-0000-000000000304', 'ar', 'دينار كويتي'),
  ('12000000-0000-0000-0000-000000000305', '11000000-0000-0000-0000-000000000305', 'ar', 'ريال عماني'),
  ('12000000-0000-0000-0000-000000000306', '11000000-0000-0000-0000-000000000306', 'ar', 'ريال قطري'),
  ('12000000-0000-0000-0000-000000000307', '11000000-0000-0000-0000-000000000307', 'ar', 'دولار أمريكي'),
  ('12000000-0000-0000-0000-000000000308', '11000000-0000-0000-0000-000000000308', 'ar', 'يورو'),
  ('12000000-0000-0000-0000-000000000309', '11000000-0000-0000-0000-000000000309', 'ar', 'جنيه إسترليني'),
  ('12000000-0000-0000-0000-000000000310', '11000000-0000-0000-0000-000000000310', 'ar', 'روبية هندية'),
  ('12000000-0000-0000-0000-000000000311', '11000000-0000-0000-0000-000000000311', 'ar', 'روبية باكستانية'),
  ('12000000-0000-0000-0000-000000000312', '11000000-0000-0000-0000-000000000312', 'ar', 'جنيه مصري');

-- ============================================
-- VERIFICATION QUERY
-- ============================================
SELECT
  vs.code as valueset_code,
  vs.name as valueset_name,
  COUNT(DISTINCT vsc.id) as concept_count,
  COUNT(DISTINCT vsct.id) as translation_count
FROM value_sets vs
LEFT JOIN value_set_concepts vsc ON vsc.value_set_id = vs.id
LEFT JOIN value_set_concept_translations vsct ON vsct.concept_id = vsc.id
WHERE vs.code IN ('iso_639_languages', 'iso_4217_currencies')
GROUP BY vs.id, vs.code, vs.name
ORDER BY vs.code;
